path,dataset,split,label,speaker_id,utterance_id,attack_id,detector_score,vanilla_score,lcnn_proxy_score,rawnet2_proxy_score
data/librispeech/LibriSpeech/dev-clean/1272/128104/1272-128104-0000.flac,librispeech,dev,authentic,1272,1272-128104-0000,,0.32581485713950886,0.3273804635426323,0.3515947038817654,0.052231308072805405
data/librispeech/LibriSpeech/dev-clean/1272/128104/1272-128104-0001.flac,librispeech,dev,authentic,1272,1272-128104-0001,,0.3248948075812902,0.32888674316816574,0.35594421695908307,0.05585174262523651
data/librispeech/LibriSpeech/dev-clean/1272/128104/1272-128104-0002.flac,librispeech,dev,authentic,1272,1272-128104-0002,,0.368697250204007,0.3456439896105336,0.40975944223111493,0.05885263904929161
data/librispeech/LibriSpeech/dev-clean/1272/128104/1272-128104-0003.flac,librispeech,dev,authentic,1272,1272-128104-0003,,0.3170728542157488,0.32434038472837723,0.3479878793328198,0.047217726707458496
data/librispeech/LibriSpeech/dev-clean/1272/128104/1272-128104-0004.flac,librispeech,dev,authentic,1272,1272-128104-0004,,0.3921420420950589,0.3464534072355351,0.4601412804396578,0.05361725762486458
