{
  "full": {
    "mean_risk": 0.34232858578506714,
    "blocked_rate": 0.0,
    "ci_low": 0.3420303019890285,
    "ci_high": 0.3426268695811058,
    "pvalue_vs_full": 1.0,
    "mean_delta_vs_full": 0.0
  },
  "no_masking": {
    "mean_risk": 0.35572518244458173,
    "blocked_rate": 0.0,
    "ci_low": 0.3554303105645236,
    "ci_high": 0.35602005432463985,
    "pvalue_vs_full": 0.25,
    "mean_delta_vs_full": -0.013396596659514612
  },
  "no_blending": {
    "mean_risk": 0.3887291682949677,
    "blocked_rate": 0.0,
    "ci_low": 0.3882673113473994,
    "ci_high": 0.38919102524253596,
    "pvalue_vs_full": 0.25,
    "mean_delta_vs_full": -0.046400582509900534
  },
  "no_detail_shaping": {
    "mean_risk": 0.3461094856760943,
    "blocked_rate": 0.0,
    "ci_low": 0.3457987165362466,
    "ci_high": 0.34642025481594196,
    "pvalue_vs_full": 0.25,
    "mean_delta_vs_full": -0.003780899891027182
  }
}