name,auc,eer,count
training_free,0.0,0.0004564820450395618,3286.0
vanilla_baseline,0.0,0.0004564820450395618,3286.0
lcnn_proxy,0.0,0.0004564820450395618,3286.0
rawnet2_proxy,0.0,0.0004564820450395618,3286.0
