{
  "training_free": {
    "auc": 0.0,
    "eer": 0.0004564820450395618,
    "count": 3286.0
  },
  "vanilla_baseline": {
    "auc": 0.0,
    "eer": 0.0004564820450395618,
    "count": 3286.0
  },
  "lcnn_proxy": {
    "auc": 0.0,
    "eer": 0.0004564820450395618,
    "count": 3286.0
  },
  "rawnet2_proxy": {
    "auc": 0.0,
    "eer": 0.0004564820450395618,
    "count": 3286.0
  }
}