{
  "training_free": {
    "auc": 0.0,
    "eer": 0.02054794520547945,
    "count": 73.0
  },
  "vanilla_baseline": {
    "auc": 0.0,
    "eer": 0.02054794520547945,
    "count": 73.0
  },
  "lcnn_proxy": {
    "auc": 0.0,
    "eer": 0.02054794520547945,
    "count": 73.0
  },
  "rawnet2_proxy": {
    "auc": 0.0,
    "eer": 0.02054794520547945,
    "count": 73.0
  }
}