name,auc,eer,count
training_free,0.0,0.02054794520547945,73.0
vanilla_baseline,0.0,0.02054794520547945,73.0
lcnn_proxy,0.0,0.02054794520547945,73.0
rawnet2_proxy,0.0,0.02054794520547945,73.0
